{"_id":"tpcc_denorm100","collections":8.0,"objects":2.0015349e+07,"avgObjSize":667.3280676744632,"dataSize":12.439493250101805,"storageSize":11.133750915527344,"indexes":18.0,"indexSize":0.7842521667480469,"fsUsedSize":293.30438232421875,"fsTotalSize":1161.84375,"initial":true,"schema":"denorm","scale":100.0}
{"_id":"tpcc_denorm300","collections":8.0,"objects":5.9812523e+07,"avgObjSize":668.9843211429152,"dataSize":37.26560631301254,"storageSize":28.309009552001953,"indexes":18.0,"indexSize":2.2015228271484375,"fsUsedSize":293.30438232421875,"fsTotalSize":1161.84375,"initial":true,"schema":"denorm","scale":300.0}
{"_id":"tpcc_denorm50","collections":8.0,"objects":1.0057136e+07,"avgObjSize":664.7093958956108,"dataSize":6.225959206931293,"storageSize":5.279247283935547,"indexes":18.0,"indexSize":0.386474609375,"fsUsedSize":293.30438232421875,"fsTotalSize":1161.84375,"initial":true,"schema":"denorm","scale":50.0}
{"_id":"tpcc_norm100","collections":9.0,"objects":5.0032327e+07,"avgObjSize":306.51489873737034,"dataSize":14.282440435141325,"storageSize":8.775493621826172,"indexes":21.0,"indexSize":2.2393455505371094,"fsUsedSize":293.30438232421875,"fsTotalSize":1161.84375,"initial":true,"schema":"normal","scale":100.0}
{"_id":"tpcc_norm300","collections":9.0,"objects":1.71357778e+08,"avgObjSize":293.5935497074431,"dataSize":46.85440874937922,"storageSize":38.29002380371094,"indexes":21.0,"indexSize":8.207008361816406,"fsUsedSize":453.9142837524414,"fsTotalSize":1161.84375,"initial":true,"scale":300.0,"schema":"normal"}
{"_id":"tpcc_norm50","collections":9.0,"objects":2.5077701e+07,"avgObjSize":306.14241879668316,"dataSize":7.150087544694543,"storageSize":4.682960510253906,"indexes":21.0,"indexSize":1.2502708435058594,"fsUsedSize":293.30438232421875,"fsTotalSize":1161.84375,"initial":true,"schema":"normal","scale":50.0}
