_id,collections,objects,avgObjSize,dataSize,storageSize,indexes,indexSize,fsUsedSize,fsTotalSize,initial,schema,scale
tpcc_denorm100,8,2.0015349e+07,667.3280676744632,12.439493250101805,11.133750915527344,18,0.7842521667480469,293.30438232421875,1161.84375,true,denorm,100
tpcc_denorm300,8,5.9812523e+07,668.9843211429152,37.26560631301254,28.309009552001953,18,2.2015228271484375,293.30438232421875,1161.84375,true,denorm,300
tpcc_denorm50,8,1.0057136e+07,664.7093958956108,6.225959206931293,5.279247283935547,18,0.386474609375,293.30438232421875,1161.84375,true,denorm,50
tpcc_norm100,9,5.0032327e+07,306.51489873737034,14.282440435141325,8.775493621826172,21,2.2393455505371094,293.30438232421875,1161.84375,true,normal,100
tpcc_norm300,9,1.71357778e+08,293.5935497074431,46.85440874937922,38.29002380371094,21,8.207008361816406,453.9142837524414,1161.84375,true,normal,300
tpcc_norm50,9,2.5077701e+07,306.14241879668316,7.150087544694543,4.682960510253906,21,1.2502708435058594,293.30438232421875,1161.84375,true,normal,50
